,X0,X1
0,-0.787816258,0.806339284
1,1.480423381,-0.139901873
2,0.274929163,-0.117471532
3,0.520772651,-0.367300446
4,0.213425695,-0.049129923
5,1.069989234,-0.360215117
6,-0.406265155,1.206662604
7,0.060659359,1.157786725
8,-0.293576242,0.221787086
9,-0.783555925,0.528122093
10,0.970860245,-0.539023517
11,0.964553181,-0.51523493
12,1.274762933,-0.367653729
13,0.442991392,0.055419734
14,0.223456818,0.91798795
15,1.859863792,-0.025441813
16,-0.506150999,1.013762293
17,0.186818022,-0.257602813
18,-0.827536759,0.388969727
19,0.761412923,-0.414746439
20,0.600223349,0.597112137
21,1.723158704,-0.047594862
22,1.909357388,0.201256755
23,-0.829789776,0.627012549
24,-0.455474123,0.994105105
25,0.328281634,0.939171516
26,2.161651256,0.385206461
27,0.282392554,0.804949608
28,-0.275443161,0.981130085
29,0.777491922,0.557147799
30,1.842014351,0.292189774
31,-1.186139845,0.581934975
32,1.526860542,-0.061427992
33,-0.876682171,0.942718295
34,-0.334332881,0.912300828
35,-0.782661984,0.630593214
36,-0.439873394,1.002897634
37,0.787403342,0.138926163
38,-0.91771778,0.500398269
39,1.673369552,-0.204547363
40,0.910917356,0.549546017
41,0.686385259,0.6281057
42,-0.023622598,0.364147108
43,0.007797517,0.255497561
44,0.22975922,0.264257522
45,1.284620003,-0.641678912
46,-0.407383504,0.688584002
47,1.511246993,-0.209248119
48,1.965067958,0.139112456
49,1.820254322,0.148921385
50,2.067287354,-0.262816116
51,0.831836231,-0.178015503
52,-0.109846715,0.859355765
53,0.758587842,0.478070805
54,-0.708659341,0.726916802
55,-0.699852206,0.585504576
56,-0.382124765,0.87654515
57,-1.010528144,0.442229549
58,1.606517146,-0.289658968
59,0.180828553,0.364563985
60,0.560457249,0.957524264
61,0.976035171,0.806071709
62,0.213843984,0.363665832
63,0.500575811,-0.208891277
64,0.934320297,-0.461397415
65,-1.045977626,0.30425076
66,0.41851786,-0.484840289
67,-0.080153491,0.884522415
68,-0.552942266,0.638746249
69,0.979015203,-0.338188953
70,1.639937679,0.206447326
71,1.329998236,-0.540486706
72,1.727004345,0.111256488
73,2.186766424,0.13699407
74,0.664334914,-0.6535006
75,0.228063308,0.665803459
76,0.548763978,-0.336310239
77,0.088335692,0.079004206
78,0.949320307,-0.414603517
79,-0.710522753,0.606099083
80,0.643966914,0.810872848
81,-0.46226083,0.915721537
82,0.768821712,0.270426694
83,0.875629433,0.401130022
84,-0.152915213,0.156116758
85,0.487676141,0.018713843
86,-0.841120165,0.498214227
87,1.051568343,0.136713012
88,1.012018983,0.060127095
89,0.572299239,0.789675533
90,0.395189196,0.729043613
91,-0.901095855,0.165558286
92,0.724724879,0.776445951
93,1.870718448,0.428200332
94,1.683657254,-0.338691362
95,-0.098655496,1.029120529
96,0.455334006,-0.608878099
97,1.05075752,-0.23511617
98,-0.987671756,0.152780153
99,1.058645938,0.200342761
100,1.405770137,-0.15196531
101,0.735370543,0.440754088
102,-1.186324582,0.260210397
103,1.066579927,0.108655855
104,-0.562067466,0.898726295
105,2.114487865,0.483127382
106,1.905199476,-0.139373335
107,0.624319709,-0.576526653
108,-0.438950763,0.93867201
109,0.312674498,-0.031486802
110,-0.145716423,1.113550653
111,0.115239034,0.933715097
112,0.984815707,-0.487915567
113,2.148520056,0.364860418
114,0.093364374,1.043038635
115,-0.788341983,0.420925016
116,-0.573004685,0.795220666
117,0.041458419,0.234091258
118,1.246816529,-0.031146188
119,-0.089393263,0.053796793
120,-0.10275613,0.212106982
121,0.254167993,0.050431559
122,1.700651073,-0.358738559
123,-0.146806365,-0.077878183
124,-1.053846458,0.439798054
125,0.276719589,-0.270779361
126,0.192813541,-0.085147385
127,0.317814945,-0.19313682
128,1.99716363,0.465513482
129,-1.043971068,0.290825885
130,0.262219994,-0.137784718
131,-0.577707202,0.916223802
132,-0.654624402,0.689257774
133,0.397917325,0.72526571
134,-0.323215501,0.623472492
135,0.156375076,0.212387958
136,2.052638308,0.267226746
137,0.504146101,0.768520811
138,1.459833602,-0.059853647
139,0.771992108,0.409497669
140,-1.047410883,0.642635221
141,-0.026044912,1.047142319
142,1.166475699,-0.211764734
143,0.419285695,-0.757689759
144,0.367493386,0.834505197
145,0.951977663,-0.359723148
146,0.231016428,-0.033360396
147,2.014522312,0.517689915
148,-0.018904892,0.31014168
149,1.705714559,-0.311573331
150,-0.096761222,1.217206734
151,0.391795468,0.921453341
152,1.358908,-0.530667579
153,0.137941746,0.554451305
154,0.516727117,0.446632476
155,1.27175104,-0.128254442
156,0.600596977,-0.050658943
157,2.11461971,0.003262869
158,-0.230268773,0.752494122
159,0.692759652,-0.426682184
160,0.383365413,0.276091255
161,1.202320983,-0.512426629
162,-0.063604595,0.089068358
163,-0.431049054,0.961382325
164,0.775220205,0.435812455
165,0.98012494,-0.401969306
166,1.072502353,0.622039759
167,0.880950273,0.874542008
168,0.396455513,-0.1565856
169,-0.836281214,1.032865913
170,-0.43363168,0.776823222
171,0.687830963,-0.397030414
172,0.977678593,0.549000919
173,1.220109113,-0.509573706
174,0.660262614,0.950943504
175,0.129987797,0.771759908
176,-0.978456218,-0.14288731
177,-1.086820005,0.550687241
178,-0.324601709,0.507124337
179,0.424376994,-0.047870422
180,-0.694005426,-0.040576689
181,1.533599515,-0.841649879
182,-0.642831582,0.951625276
183,2.070329647,0.669763829
184,0.144615772,0.440610928
185,1.634111836,-0.311466203
186,0.647866721,-0.41327644
187,0.755223616,-0.521522207
188,0.940489724,0.53999943
189,-0.422276371,0.724152152
190,0.407386038,1.099829044
191,1.209374171,-0.950712956
192,-0.022954345,0.175000902
193,1.120676195,-0.511205464
194,0.863325956,0.754708793
195,0.877426313,0.202197654
196,1.111318685,0.355368785
197,0.727501064,0.799686073
198,-1.037081796,0.364242888
199,-1.070196324,0.35281352
200,-0.184594471,0.77668604
201,0.060023174,0.272052634
202,1.228656313,-0.384120304
203,0.308506436,-0.187181102
204,1.924034662,0.356968833
205,-1.210909269,0.356082408
206,0.655574377,-0.456815712
207,1.835170587,-0.242723955
208,0.452468922,-0.185031463
209,-0.833540399,0.425226583
210,1.481386903,-0.253743969
211,1.813452825,-0.031560306
212,0.785552563,0.446784032
213,-0.876164947,0.603095838
214,-0.825091335,0.545823849
215,0.658948716,0.82280978
216,-0.742437899,0.466983388
217,0.319561294,0.815957349
218,1.822598733,-0.270305829
219,-1.059640052,0.021692113
220,0.837257161,-0.404783524
221,1.101308884,-0.67499167
222,0.279287119,-0.485016621
223,0.814145907,0.483191087
224,1.902089744,0.159395005
225,0.969698098,0.280620136
226,-0.661884765,0.484538294
227,-0.028945365,0.581797934
228,0.792029927,0.624219956
229,1.322136419,-0.454264469
230,0.406210391,-0.331489673
231,0.329577616,-0.477215276
232,1.463219867,-0.097938531
233,-0.886593619,0.238552112
234,0.559872294,0.593141944
235,0.112822073,0.109942241
236,-0.757279614,0.669956301
237,1.002193568,-0.858741788
238,0.363437306,0.049972039
239,0.911535988,-0.547424774
240,1.288808532,-0.60379878
241,-0.178798788,1.01695128
242,-0.259694358,1.014810887
243,1.600755434,0.069949918
244,0.747582386,-0.246607812
245,0.424037515,0.68353623
246,0.198669792,0.443826296
247,-0.92717524,0.401020346
248,1.851033643,0.118925287
249,1.297636779,-0.287572802
250,0.594388645,0.975786073
251,0.411944921,0.784809404
252,0.203710277,-0.167375194
253,1.445259991,-0.334648819
254,0.867097001,-0.784018431
255,-0.238241584,-0.148397517
256,0.039843409,0.333111856
257,1.641184051,-0.398780514
258,-0.819101238,0.573659974
259,0.836616168,0.900516487
260,0.402752104,-0.522283098
261,1.635472342,-0.545524686
262,1.065881774,0.121168342
263,1.387935078,0.088187609
264,1.309776666,-0.494641829
265,0.405105283,-0.262215306
266,-0.430847307,0.825795841
267,0.666668474,-0.245033278
268,0.01997565,-0.217343841
269,0.401471823,-0.20146837
270,0.509147008,0.981575934
271,0.022223378,0.030727642
272,-0.993992101,0.396542121
273,-0.009615784,0.026723394
274,-0.067085434,0.637632453
275,-1.061213625,0.434219531
276,1.163997495,0.290426922
277,1.336619008,-0.4142492
278,0.87246147,0.840392167
279,-0.057898214,0.238344144
280,0.986410092,0.721310988
281,1.399218236,-0.423472861
282,-0.177474523,0.870946089
283,1.638238214,-0.437127635
284,1.021352007,-0.458350792
285,0.510279928,-0.042160212
286,1.708211602,0.469918704
287,0.190789871,0.881811015
288,0.369706452,0.239378819
289,-0.303752959,0.481290911
290,0.466633078,-0.34818624
291,1.238762322,0.177396603
292,1.513797855,-0.596379497
293,-0.672730749,-0.07041301
294,1.735430424,-0.048824657
295,0.736904122,0.553694672
296,-0.910135089,0.753946974
297,-0.492200232,0.970773576
298,0.512099432,-0.432016006
299,0.284062149,0.8100304
300,0.527110592,0.984673237
301,0.924780657,-0.138319441
302,2.000979397,0.373346054
303,1.682232078,-0.544829366
304,-1.055056608,-0.058452464
305,0.917257767,-0.569442449
306,1.102049408,-0.762159009
307,-0.958061647,0.189122294
308,1.758058451,-0.502436331
309,0.148422248,0.132850647
310,1.7429148,0.218964
311,1.11337701,0.404648525
312,0.90411977,0.810968644
313,1.654515707,-0.46313689
314,0.660413169,-0.325868562
315,0.847485123,0.289488726
316,-0.352195975,0.619554615
317,-0.903597811,0.555695385
318,0.94359205,0.047229821
319,-1.019893048,0.195179518
320,1.059714764,-0.338287827
321,1.318518999,0.28987197
322,0.523522649,0.530353702
323,1.736304603,-0.293978049
324,1.890682391,0.154007526
325,1.878243398,0.650428524
326,0.21960499,0.76475735
327,1.453628817,-0.3999716
328,0.900250593,0.421330338
329,-0.992526907,0.640495008
330,0.765452204,0.067471043
331,1.647460412,-0.082768571
332,0.301909385,-0.365810074
333,-0.11381586,1.076557552
334,0.929343067,-0.457921016
335,1.105886741,0.461387508
336,-1.210040636,0.274402561
337,0.682978752,0.941254631
338,-0.178896727,0.85406528
339,0.702571587,0.833627329
340,0.506990081,0.81197121
341,0.488956656,0.995606444
342,0.206457377,0.201178118
343,2.129785561,0.589693424
344,1.426184365,-0.263587045
345,0.989451319,1.04635099
346,-0.682797472,0.856534523
347,0.803759797,0.230293518
348,0.647145302,-0.6994056
349,0.563381687,-0.24074783
350,0.467238679,1.111072312
351,0.468031223,0.772803267
352,2.13951482,0.363312851
353,-0.521688391,0.85102341
354,0.931822075,-0.129005579
355,0.643739002,0.807108016
356,-0.012132062,1.192872631
357,-1.063226875,0.194628935
358,-0.853034184,0.844165462
359,1.676506093,-0.087538056
360,0.53894031,0.81079381
361,-0.364954915,0.953457719
362,0.178620544,-0.024982827
363,1.01847873,-0.535711719
364,1.7705927,-0.187493718
365,0.753560724,0.695787493
366,0.200623075,0.366180592
367,1.339766874,-0.392616116
368,-0.560854761,0.884347719
369,0.64010656,1.033670341
370,0.077083854,0.617096638
371,1.440025883,-0.576954605
372,0.54306075,0.843835575
373,-0.360910184,0.82991475
374,1.98659365,0.33347832
375,0.992192478,0.966889426
376,1.451768059,-0.264330324
377,0.423911821,-0.187780146
378,2.153299176,0.156122021
379,0.247357647,0.695006099
380,0.759746229,0.473981494
381,0.802634721,0.492796329
382,-0.204469555,1.03330132
383,1.591929418,-0.483578186
384,0.936904793,0.067679169
385,-0.200481593,0.461498517
386,1.987623353,0.406957986
387,0.004275499,0.981731072
388,2.010133619,-0.168084919
389,1.828479303,0.403492467
390,-0.623596238,0.535487329
391,-0.621098286,0.633355166
392,-0.434930517,0.796278621
393,1.96683548,0.473530039
394,0.517254211,-0.451171859
395,0.187139183,0.854457142
396,-0.566285795,0.720195923
397,0.492386465,0.671305098
398,1.441188423,-0.432498824
399,1.757292394,0.032387415
400,1.134388222,-0.16601683
401,-0.983326771,0.35644975
402,-0.619534242,0.53373191
403,0.406698489,0.856808161
404,-0.43135172,1.013978658
405,1.581761314,-0.2103303
406,0.901503125,0.309250006
407,-0.057126868,0.477334649
408,0.00542535,0.983269608
409,0.589153644,0.782827338
410,0.548224966,-0.238720861
411,1.415569707,-0.43697304
412,1.061978368,0.6129744
413,-0.794874583,0.271794647
414,0.813606836,0.210524262
415,0.141234762,0.774167833
416,1.197167029,-0.370973483
417,1.66648975,-0.623828519
418,-0.216324386,0.176729227
419,1.819076907,-0.217621913
420,1.780344199,-0.087049417
421,-0.047811621,0.922801172
422,1.70552477,-0.425820222
423,-1.072003393,0.157768251
424,0.43745418,0.601160006
425,0.718699228,0.524239594
426,-0.447185363,0.837025569
427,0.829515937,-0.693265465
428,0.591052293,0.344033589
429,-1.170034619,0.033519665
430,0.52135331,0.750005793
431,1.806056963,0.288486128
432,-0.481288411,0.786285957
433,-0.693663195,0.803791041
434,0.569811647,1.209369781
435,-1.189190698,-0.173482137
436,1.611899287,-0.214801698
437,1.976641654,0.741043995
438,0.273265711,0.316988251
439,0.38189825,0.761207786
440,-0.118080612,0.194623575
441,0.172080554,-0.364136815
442,1.935068096,0.616487464
443,0.92155722,-0.088722092
444,1.874704157,0.192184192
445,1.900120807,-0.216324618
446,-0.717054902,0.788662789
447,0.084330435,0.388554274
448,0.901303794,0.157314304
449,-0.099964926,1.070052945
450,-0.655308014,0.821238762
451,0.630612385,-0.513700139
452,1.102531226,0.329271632
453,-0.107107545,0.968740748
454,0.081664697,0.20093386
455,0.94068975,-0.775298312
456,0.673855621,0.611368286
457,-0.764539973,0.725661311
458,-1.184681674,0.540763014
459,1.459280743,-0.186823471
460,-0.851598444,0.45828937
461,-0.03236481,-0.203362811
462,1.631066533,-0.330230266
463,0.139721885,0.102487576
464,0.352305457,0.958081916
465,-1.124164715,0.268789797
466,0.866051247,-0.454820903
467,1.892667384,0.375414685
468,1.727947214,0.133485697
469,0.535278135,0.656387883
470,-0.997124326,0.228368489
471,-1.092179902,0.610672361
472,0.454910908,-0.349439878
473,0.36192747,0.673868767
474,0.520061488,-0.448124592
475,0.629175641,-0.28915587
476,1.395438328,-0.313464163
477,-0.409229057,1.094265391
478,1.229943165,-0.359628392
479,-0.795404148,0.481268414
480,0.053708292,1.01661738
481,-0.096229549,1.175739273
482,-0.767629293,0.221758265
483,-0.993645108,0.090032564
484,1.428890746,-0.227506641
485,0.718583312,0.80942595
486,0.39101799,0.972072349
487,-0.061582094,1.170647752
488,-0.228078171,0.688651582
489,-1.001889718,-0.082618975
490,-0.958117058,0.434145547
491,-0.984147175,0.062582412
492,1.031223019,0.164381186
493,-0.003684729,0.314930296
494,0.930944888,0.221664211
495,-0.14091198,1.309947907
496,0.883375316,-0.518922927
497,2.040910258,0.085251593
498,0.758449982,0.961203259
499,-0.410318425,1.005477855
500,-0.340743874,0.636074365
501,0.298840051,0.021996928
502,-0.242456044,1.038457007
503,-0.470999018,1.020334551
504,0.20557001,1.068588411
505,1.404436277,-0.198656889
506,1.697630797,0.545180065
507,-0.582723367,0.69932528
508,-0.953756688,0.468955858
509,1.100912426,-0.634319437
510,1.417282246,-0.355846045
511,-0.055714241,1.159906887
512,-0.313799596,0.634845471
513,1.261815008,-0.53874689
514,1.487603439,-0.440417106
515,-0.658256031,0.095504159
516,1.977952829,0.078899995
517,0.167341105,-0.566342954
518,-0.893575566,0.323502707
519,0.917709686,-0.035291735
520,-0.748519086,0.573911739
521,-0.803611792,0.360463649
522,-0.53443648,0.726579371
523,-0.001056358,-0.220744549
524,0.544520101,-0.09721269
525,-0.520108932,0.633157895
526,0.222772498,-0.235207251
527,-0.443800874,1.048125978
528,0.769801563,0.71274542
529,0.600014492,0.75838262
530,2.170527203,0.19654874
531,0.905677184,-0.692564721
532,0.298300097,1.119311845
533,-0.290979977,1.029558903
534,1.155564083,0.162911773
535,0.914922163,0.658977698
536,-1.065146037,0.473549768
537,0.622699399,0.743034827
538,1.956700112,0.273573232
539,0.175916482,-0.338541413
540,1.907056972,0.298704221
541,-0.291978413,0.972100216
542,1.134755734,-0.522755877
543,-0.063681608,1.216619687
544,0.77172658,-0.598977936
545,0.836857581,0.087909495
546,-0.075911854,-0.16133709
547,0.971294424,0.165824736
548,0.180926466,0.276298089
549,0.156715563,-0.300910075
550,1.507418585,-0.402099841
551,0.915133752,-0.59787042
552,1.093614806,0.432695935
553,1.817878118,-0.108283908
554,0.320624717,-0.326392544
555,0.492037588,-0.06970094
556,1.786593334,-0.434472141
557,0.842540307,-0.391366025
558,1.429725028,-0.549962019
559,1.431234216,-0.458429166
560,-0.934346528,0.387511374
561,1.667478183,0.134288759
562,0.360726947,-0.440909623
563,1.00580528,-0.703771881
564,2.038776984,0.073032982
565,0.130003612,0.41392547
566,1.48744979,0.091569534
567,0.878811761,0.463685207
568,0.515216077,-0.207382178
569,-0.048427157,0.104540572
570,-0.57266343,0.86613595
571,0.953032178,-0.411582258
572,1.967254741,-0.136147545
573,2.012084591,0.260089958
574,0.438180459,0.889836211
575,1.812195054,0.043322791
576,1.236433733,0.220617166
577,0.31651942,-0.219132591
578,1.34318869,-0.698129748
579,1.923910031,0.166614642
580,2.056726264,-0.233043711
581,-1.45722893,0.086434592
582,-0.720447977,0.666427468
583,0.779641461,0.405277128
584,-1.1160178,0.528668741
585,2.086774165,0.086866269
586,1.12984887,-0.422086384
587,0.758042057,0.603818204
588,1.400063152,-0.458071636
589,0.395026239,0.159588468
590,0.800758352,-0.329304118
591,0.948400444,0.199902525
592,-0.900967243,0.350357366
593,0.358312751,0.6784353
594,2.151982324,0.323401732
595,0.734692475,-0.279482741
596,0.875701697,-0.515321606
597,-1.003336135,0.301672174
598,-1.089988467,-0.124309397
599,0.989888128,-0.516204011
600,0.267583013,-0.25152994
601,0.89193003,0.194960492
602,1.034099631,-0.844990393
603,0.304990101,-0.334496918
604,1.370864865,-0.168643014
605,1.950691191,-0.429421823
606,-0.324244391,1.138813685
607,1.809467843,-0.459984352
608,1.019307754,-0.386967602
609,0.021691269,0.920110694
610,1.675229192,-0.355224195
611,-0.271948324,0.493984984
612,-1.077599166,0.609946158
613,-0.075659847,1.040612146
614,1.079936514,0.633705289
615,0.351103536,-0.208166528
616,1.662748995,-0.028909848
617,0.927983391,-0.712341394
618,1.928938073,0.173537816
619,-1.194670575,0.103472317
620,-0.070793863,0.422562652
621,-0.613584003,0.499506118
622,1.008986324,0.19316626
623,-0.754328463,0.715635307
624,0.17798181,1.151223182
625,0.954492388,-0.211987325
626,-0.833974199,0.334970394
627,2.003197263,0.464997421
628,0.704106677,0.558672817
629,-0.689108732,0.75779962
630,0.974237693,-0.419397789
631,-0.830976728,0.173080269
632,0.177996978,-0.06063767
633,1.284261248,-0.554122784
634,0.595018349,0.576989866
635,-0.013023584,1.162566176
636,0.871919833,0.486226548
637,0.132303235,0.258989741
638,0.012515711,0.359409736
639,0.29244821,-0.496068687
640,1.293744298,-0.331771262
641,1.003597878,0.084432044
642,1.797350042,0.400355884
643,0.901730694,-0.582093573
644,1.023125868,0.065633605
645,0.205487705,0.160326662
646,0.15720712,1.082545283
647,0.573347591,0.959642562
648,0.172000693,0.996834031
649,-0.577872923,0.757651283
650,1.416209054,-0.23389792
651,1.929909386,-0.275875375
652,-0.194665961,0.864631385
653,0.567081156,1.023850355
654,0.167848113,0.362029112
655,0.880155253,0.530196377
656,1.190662891,-0.243909831
657,0.711016048,-0.390242122
658,0.258437605,-0.127714816
659,0.330110688,0.99316026
660,-0.039643675,0.198856113
661,-0.387040655,0.840386465
662,-0.792184797,0.736319951
663,0.173289297,-0.359047519
664,1.901419938,0.127917507
665,-0.087794124,0.193461549
666,0.49608169,-0.137357246
667,-0.195133668,0.870168301
668,-1.332289277,0.405711584
669,-0.121213429,0.751922737
670,1.901473705,0.081291905
671,0.601875237,0.764918578
672,2.007766898,0.492726656
673,-0.811987811,0.974732964
674,0.861885386,-0.381854285
675,0.123692559,0.716641551
676,0.860388091,-0.202327706
677,0.573272879,0.329126225
678,1.585768803,-0.477906623
679,-0.175776673,0.837523271
680,-0.900827015,0.599481331
681,-0.296863203,0.951565387
682,0.234636978,1.085747901
683,-0.747025019,0.959025461
684,0.336204901,1.190843039
685,0.153619957,0.87180827
686,0.752230536,-0.638714186
687,1.99833124,0.23930289
688,1.802912957,0.191370127
689,0.092200967,0.953599084
690,-0.431553678,0.712359309
691,2.105850098,0.19137272
692,1.669804923,-0.517449423
693,0.903570123,0.129662739
694,1.876926421,0.139390674
695,1.138516296,-0.526811532
696,0.106779669,0.381158272
697,0.920491255,0.650408225
698,1.816773812,-0.11103927
699,-0.543007055,0.865821676
700,0.461081252,0.768993358
701,1.155310961,0.023963264
702,1.8232821,-0.016137399
703,0.37817748,0.669306231
704,-0.877874094,0.522239676
705,0.949296533,0.314732507
706,0.725600818,0.593558217
707,0.128134029,0.959125571
708,0.657724333,0.771327875
709,0.627700342,-0.388273435
710,0.821338808,-0.501023056
711,0.498223819,-0.677455477
712,-0.213503487,0.414553012
713,-0.131049013,0.098250416
714,0.56851182,0.63034897
715,1.8141756,-0.264407127
716,-0.825591939,-0.199338599
717,1.007491083,0.51272141
718,-0.927317383,0.577932004
719,-0.917134704,-0.117818325
720,0.025749631,1.133145047
721,1.145707605,-0.469042964
722,2.102376709,0.316866985
723,-0.028878043,0.818286472
724,0.168991062,0.094684797
725,1.605427861,-0.363682954
726,-0.892765882,0.465653757
727,0.693419754,0.955619114
728,1.644951024,0.281304521
729,-0.0198453,1.002301815
730,0.58378636,0.983251544
731,1.000177458,0.393551678
732,0.717689373,0.725684501
733,1.579733234,-0.101939255
734,-0.26954055,0.789625999
735,0.447970301,-0.024894147
736,1.372348978,-0.286924575
737,0.607175408,0.630635091
738,1.209528919,-0.570536445
739,-0.29195709,0.72097982
740,2.070928427,0.582404119
741,1.892116244,0.267484046
742,-0.161809729,1.099349216
743,0.439072585,-0.52791884
744,-0.714174524,0.387700095
745,1.47848545,-0.189720978
746,0.268594373,0.787313641
747,0.08178188,0.101396216
748,0.1843403,0.631725476
749,0.172210216,-0.202227411
750,-0.6072929,0.855562263
751,1.674368608,-0.435669519
752,0.742560906,0.533291951
753,0.383862175,1.066756398
754,0.320592767,0.053618379
755,-1.030063192,0.023828013
756,-0.127266573,0.115565459
757,-0.908911291,0.290574247
758,1.549481591,-0.258688903
759,-0.731035889,0.841421558
760,0.59757878,-0.170938599
761,-0.319962162,0.930673757
762,-1.10014617,0.483752837
763,0.160197629,0.327788592
764,-0.108540985,0.805833491
765,1.079436748,-0.335537416
766,0.287082311,-0.409961593
767,0.466413258,-0.220500918
768,-0.470790794,1.020745108
769,-0.195473715,1.263418428
770,-1.010333315,0.669836073
771,0.907336343,-0.280417706
772,0.977609353,0.022856774
773,0.49324683,1.05466642
774,0.907512619,-0.375136102
775,0.301638218,0.249087108
776,-0.530802615,1.053553511
777,0.601918913,-0.369357531
778,0.186048226,0.965932157
779,-0.945597439,0.182236974
780,0.103647553,-0.206715808
781,-0.007114904,0.145601666
782,0.518303551,-0.408727787
783,0.284032618,0.964588228
784,-0.417486063,0.871724786
785,0.119727086,-0.494490188
786,-0.877557125,-0.013613027
787,0.834447142,0.08338794
788,0.903239374,-0.031135146
789,-0.594964336,0.328987045
790,0.535617081,0.601362066
791,-0.545870622,0.824913916
792,0.204211815,-0.158934724
793,0.113732418,0.056454364
794,0.96618235,0.250384817
795,1.919973214,-0.120331945
796,0.506840506,0.75779292
797,1.931732252,0.35485281
798,1.111099896,0.031143165
799,0.854869442,-0.391170019
800,1.443117133,-0.53686066
801,1.648093097,-0.054282766
802,0.890252591,0.147822144
803,-1.022874326,0.016333176
804,0.526878647,-0.358247057
805,-0.995436441,-0.217563158
806,1.882904381,-0.14353502
807,0.664644589,0.753330996
808,0.384950947,0.081445728
809,1.114755925,-0.142451668
810,0.311653431,-0.368592387
811,2.173843223,0.327833607
812,0.300486346,0.102360551
813,-0.094833697,0.86239668
814,-1.03114018,0.440899608
815,-0.427792418,0.529755315
816,1.696492734,-0.073450492
817,0.606839506,0.580879516
818,1.944463388,0.016665345
819,0.310093589,0.799876883
820,1.28733377,-0.355448914
821,-0.901355722,0.619621085
822,0.431400935,0.10046379
823,2.055097542,0.086512146
824,-0.093637706,0.952319503
825,-0.795866486,0.560937473
826,0.123354925,0.902454788
827,-0.526257223,0.851440376
828,0.662719043,0.964441167
829,-0.421646244,0.853676127
830,-1.004636453,0.11219794
831,-0.026971819,0.89844934
832,1.730969621,-0.457536712
833,1.433778481,-0.185160639
834,-1.152350873,0.160138714
835,1.491977178,-0.453589377
836,1.255926644,-0.401162923
837,0.689376303,0.52406324
838,1.955199368,0.152458759
839,-0.948677453,0.968559343
840,1.718764258,-0.14390843
841,-0.822662119,0.646292775
842,1.644364195,0.118465629
843,1.474632074,-0.187235978
844,1.1478913,-0.738394411
845,2.067550744,0.640900911
846,0.514802902,-0.348213573
847,1.694711445,-0.256521535
848,-0.404780956,0.741174911
849,-0.483295379,0.795766032
850,-1.018035088,0.192093773
851,-0.130966337,0.884084248
852,1.26990872,-0.49832717
853,-0.396543602,0.7535352
854,0.398177246,0.918400543
855,-0.705230987,0.731854549
856,0.149653314,0.260003011
857,1.644218487,0.217664005
858,-0.313670702,0.686898961
859,0.848543318,-0.631964236
860,1.186158194,-0.581588678
861,0.984403913,-0.217839729
862,2.008304673,0.348126596
863,-0.050530318,-0.047434323
864,1.828207112,-0.34387102
865,1.550736339,-0.36832531
866,0.484039649,0.589686141
867,0.475751175,-0.276419782
868,0.307482247,-0.257624049
869,1.105349923,-0.451598084
870,0.771295199,0.712829128
871,1.003155946,0.489082817
872,0.621723157,-0.463577982
873,-0.589401365,0.995590759
874,0.829143414,0.532073685
875,1.913077758,0.054088903
876,0.423616267,-0.181550888
877,-0.636810579,0.700515052
878,-0.665759837,0.55645108
879,-0.923679945,0.404426028
880,0.117631308,0.967641185
881,0.916935305,0.082865754
882,-0.970352931,0.251259093
883,0.174489266,0.913174301
884,0.883688129,0.604304899
885,0.562152718,-0.142320229
886,1.500465344,-0.145700781
887,-0.948284172,0.565956547
888,-0.326318092,1.235382026
889,0.591939161,-0.446353129
890,-0.12468876,0.993629601
891,0.700299034,-0.629638064
892,-0.916066442,0.903529048
893,2.029045463,0.098219386
894,1.688302698,-0.318661469
895,0.685839448,0.745168882
896,0.251333657,0.904981424
897,0.940104525,0.314148743
898,1.03747086,-0.573991566
899,0.214873846,-0.029231902
900,-0.700337748,0.890553832
901,-0.062374504,0.897742732
902,-0.829862173,0.317801099
903,-1.217210004,0.386957014
904,1.18656103,-0.511797735
905,1.6167713,-0.334518673
906,-0.678317023,0.832374184
907,0.43257362,-0.606749853
908,0.190899482,-0.032734562
909,0.184051455,0.969311599
910,0.152904468,0.979305689
911,2.019981334,0.230869122
912,-0.812241213,0.522376284
913,0.742464965,-0.371667726
914,-1.072024176,-0.033355403
915,-0.865561189,0.548467696
916,0.274592668,1.117709754
917,0.01820947,0.029672467
918,2.035220438,0.339241131
919,0.797292012,-0.281328862
920,0.883020262,-0.367869315
921,1.617802132,-0.414655661
922,0.784421531,0.310719095
923,0.497056723,0.999346362
924,0.229688024,-0.178364495
925,-1.250898312,0.402485203
926,-0.099817453,0.20127088
927,-0.384186548,0.903494067
928,0.699910422,-0.498813767
929,0.77131042,-0.594331748
930,0.680117984,0.946423632
931,1.137450017,0.132286307
932,0.757498231,-0.264320711
933,-0.186059728,1.13576601
934,0.372741108,0.887545972
935,0.469393705,0.122106566
936,-0.18560763,0.295582982
937,-0.168278018,1.031334819
938,0.35837135,-0.302033078
939,-0.691129755,0.822114852
940,0.941486188,0.484081271
941,1.082989316,-0.542986771
942,0.82249948,0.870823965
943,1.606681155,-0.27828029
944,0.380771727,0.64313972
945,1.339878016,-0.423859988
946,-0.448262024,0.77604184
947,0.17794078,-0.054574287
948,0.479586222,1.158313562
949,1.341852789,-0.520060765
950,0.87383019,0.518204899
951,0.773320695,0.939727609
952,-0.761800777,0.139118996
953,1.139843941,0.048529912
954,0.872220948,0.022730264
955,-0.61930954,0.760187754
956,1.029734305,0.592025031
957,1.674848512,-0.064740565
958,0.595867975,0.117818923
959,1.863415863,-0.120936978
960,0.132179706,0.135279186
961,-0.086211718,0.720870671
962,-0.84843057,0.292166226
963,0.639338156,1.035235099
964,1.453140579,-0.08155838
965,-0.051418398,0.161321362
966,0.076543152,0.198450389
967,0.440935573,-0.156805119
968,0.375971533,0.922382133
969,1.79778304,-0.108456328
970,0.514762137,-0.406228392
971,0.455880918,0.84139752
972,0.995471773,0.138600941
973,1.660663362,-0.242978387
974,0.21055568,0.031229686
975,0.259101727,0.212752176
976,0.085744053,0.262615173
977,0.323782594,0.431333948
978,0.761297213,0.647968051
979,0.196043219,1.083726276
980,1.9360169,0.056707854
981,0.283323733,1.12553596
982,0.495662525,-0.10776209
983,1.845506342,0.013993692
984,0.218748027,0.231944204
985,0.480372406,-0.391278037
986,-0.93598595,-0.071983464
987,0.290862827,1.200464545
988,0.992791893,0.396173093
989,0.109327639,0.824012811
990,1.266455282,-0.539902516
991,0.067113253,0.069717335
992,0.904589977,-0.360046762
993,-0.072232022,0.138005126
994,0.959697289,0.650665864
995,1.106379152,0.150525739
996,0.883023209,0.177464108
997,1.777641711,0.37162724
998,-0.238122038,1.066999759
999,1.213993522,-0.434901898
1000,0.887482986,0.036472871
1001,-0.784699575,0.224288086
1002,0.22297667,0.211007526
1003,-0.138325356,1.138511921
1004,0.022128601,0.477692611
1005,-0.88211482,0.440786423
1006,-0.767947745,0.457251978
1007,0.152504877,0.100552039
1008,1.806435016,-0.113573697
1009,1.188767201,0.083385776
1010,0.592994558,0.669490662
1011,0.037683959,-0.285627536
1012,1.113234478,-0.303090278
1013,-0.769092413,1.01018401
1014,-0.036065675,0.36849731
1015,0.350174292,0.98807974
1016,1.827637429,0.317779721
1017,0.035928337,0.316404632
1018,1.255170628,-0.474778814
1019,1.162312541,0.464513631
1020,2.073366136,-0.188269317
1021,0.213731896,0.968433793
1022,-0.572999814,0.945228042
1023,2.156612759,0.397927942
1024,0.649297348,-0.635209318
1025,-0.09683713,1.083907686
1026,1.212495748,0.474791879
1027,1.486718341,-0.426185339
1028,0.993417552,0.613791526
1029,1.806379344,-0.35991609
1030,0.008490913,1.224702808
1031,1.468144833,-0.647716969
1032,0.817770091,-0.254403276
1033,0.493636524,0.894973244
1034,1.531038176,-0.240588106
1035,-0.694022462,0.638670441
1036,1.986019817,0.293161365
1037,0.320168839,0.879576903
1038,2.041735433,0.391746722
1039,0.284619145,-0.361944974
1040,0.721160218,-0.23930367
1041,0.699426697,0.587372649
1042,0.706944738,0.415183299
1043,-0.022138543,0.60335406
1044,0.584168538,0.812267573
1045,-0.912881893,0.078765141
1046,1.700023722,-0.122607598
1047,0.028961073,0.08152261
1048,1.42642009,-0.093890905
1049,-0.098616328,0.981522288
1050,0.558575198,0.938821722
1051,2.204801974,0.120927662
1052,0.128306111,0.833103388
1053,-0.899201476,0.327988257
1054,1.660057083,-0.52471761
1055,0.326053044,-0.204089172
1056,0.220980787,0.689287456
1057,-0.098352938,-0.047591963
1058,0.085853496,1.014673027
1059,1.052246478,0.083533422
1060,-0.780490227,0.461565908
1061,0.292159007,0.886875212
1062,0.187746019,-0.092008625
1063,1.31064326,-0.209895359
1064,1.142496663,-0.564540508
1065,-1.139566546,0.240419432
1066,0.874821167,-0.027713953
1067,-0.450806108,0.530387771
1068,0.039916583,1.229511911
1069,-0.194499504,1.174819207
1070,1.347755305,-0.152199877
1071,0.247628964,-0.489587929
1072,0.954850673,-0.404693262
1073,-0.475942959,0.797733848
1074,-0.779526238,0.709092517
1075,0.594050727,0.8873709
1076,0.302816241,0.169527785
1077,1.8279903,-0.14803814
1078,0.277299711,0.671364974
1079,1.801292756,0.440604083
1080,1.305489589,-0.480335661
1081,1.808196531,0.094634459
1082,-0.252684899,0.974543018
1083,-0.615910379,0.296954286
1084,0.292217981,1.022160572
1085,0.691448568,1.125682548
1086,0.907940286,0.245177562
1087,0.438547957,0.622567881
1088,0.764508807,-0.079100027
1089,1.025057089,-0.001540547
1090,1.224160947,-0.443354737
1091,2.332503026,0.244848344
1092,0.241819963,-0.474611533
1093,1.422779315,-0.260013749
1094,-0.967417159,-0.00563308
1095,1.006065075,-0.54400597
1096,0.100403196,0.901782097
1097,0.608267063,-0.486581817
1098,-0.760877837,0.109004153
1099,0.845698319,0.369414917
1100,1.439310731,-0.219476487
1101,1.435316384,-0.324848977
1102,0.009069346,0.280846816
1103,0.059044934,0.99014434
1104,0.991551049,-0.104336889
1105,1.060244054,-0.342807661
1106,0.420415877,1.286005451
1107,-0.264414531,0.294004133
1108,-0.974210348,0.571596833
1109,-0.376226059,0.725718985
1110,-0.047201696,1.168101632
1111,0.770019406,-0.390218759
1112,2.098174686,0.356396181
1113,-0.173782279,0.623969521
1114,0.354642773,0.141318126
1115,0.895835081,0.061481128
1116,1.397052227,-0.452886669
1117,1.450985928,-0.488690803
1118,-0.0482153,-0.156342983
1119,-0.812367792,0.716589913
1120,0.56978619,-0.301377233
1121,0.991083353,0.597313094
1122,1.698055543,0.021523887
1123,0.479264111,-0.112664873
1124,0.184855873,1.054195948
1125,-0.577281503,0.86688119
1126,0.782583726,0.361258228
1127,1.514133825,-0.082696679
1128,-0.126095642,1.099816086
1129,0.145492329,-0.269918841
1130,-0.861326612,0.333494153
1131,-0.773042529,0.870589858
1132,1.042654664,-0.62624727
1133,0.604562077,-0.382939857
1134,0.740351311,-0.532825581
1135,0.383360478,0.973058688
1136,0.27744715,-0.161509932
1137,-0.658058342,0.52088787
1138,-1.107000216,0.244310888
1139,2.256302041,0.451693629
1140,-0.033284037,0.119464786
1141,1.702283578,-0.049736901
1142,0.842651509,-0.782507958
1143,-0.541762605,0.757193874
1144,0.83811455,0.13614439
1145,0.613906286,0.517361574
1146,0.833765193,0.157175659
1147,0.195066961,0.777634013
1148,0.698154005,0.626844241
1149,0.838892931,-0.663472764
1150,0.007679013,1.104891813
1151,0.172832807,1.253461175
1152,1.842408782,0.422248147
1153,0.528439493,-0.397824282
1154,1.620865221,-0.317579786
1155,0.650432838,0.000742475
1156,1.005469192,0.401395336
1157,0.417547544,-0.051487595
1158,0.686716894,0.544853698
1159,-0.230556308,0.533791903
1160,0.323602365,0.239766201
1161,1.128879119,-0.473792364
1162,0.71186336,-0.735956469
1163,0.13458722,1.087347965
1164,-0.040295205,1.0849455
1165,0.180411078,-0.221137101
1166,0.689478927,1.01247016
1167,0.692772241,0.567371728
1168,0.160052361,0.953652616
1169,-0.162518339,0.890303897
1170,1.24389741,-0.538553881
1171,-0.578531472,0.665114145
1172,0.362245861,-0.262221743
1173,0.334609686,1.276745877
1174,0.755668159,-0.617700013
1175,1.000724298,-0.53387021
1176,0.176120134,0.871028193
1177,-0.725293223,0.553010451
1178,-0.165573835,0.70298387
1179,-0.806432822,0.291649064
1180,-0.037849506,0.322674832
1181,1.541738723,0.001001807
1182,-0.741221301,0.663865892
1183,0.59484935,-0.687718443
1184,1.945934709,0.110614542
1185,1.866032919,0.190835729
1186,-0.139358018,0.450470445
1187,0.419362493,-0.393958331
1188,0.669876831,-0.50390672
1189,-0.5941597,0.836967021
1190,1.961102738,-0.053392505
1191,-0.322229509,0.796288757
1192,0.510963548,-0.555434982
1193,1.481884507,-0.401920026
1194,-1.003437755,0.500181321
1195,-0.952791917,1.034538459
1196,0.953525019,0.436545495
1197,-0.552425672,0.681384027
1198,-0.922894954,-0.029329797
1199,1.637383552,-0.024116111
1200,-0.038683477,0.041032573
1201,1.705113489,0.251703623
1202,-0.51505922,0.973074201
1203,-1.179686296,0.566264137
1204,0.700214526,-0.294585506
1205,0.936380011,0.170863928
1206,1.022342694,-0.102887976
1207,0.668709693,-0.546851534
1208,0.75727247,0.151862102
1209,1.161595164,0.193791052
1210,-0.672727354,0.477857354
1211,1.061855185,0.38731275
1212,1.869115036,-0.170273079
1213,-0.145622424,0.119433563
1214,1.574192899,-0.323908528
1215,0.06489522,0.013567978
1216,1.962564147,0.336780074
1217,0.795997084,-0.461827171
1218,0.204055101,-0.063128351
1219,-0.261232399,0.063033326
1220,2.303601458,0.339218164
1221,1.544476471,-0.247197484
1222,0.038751733,0.063555291
1223,0.715621669,0.858119068
1224,0.43501528,-0.446889166
1225,0.133772938,0.331540666
1226,0.167716154,0.361208865
1227,0.03861073,0.047692145
1228,0.076839401,1.057158252
1229,0.485494192,0.855022281
1230,-0.820110781,0.398934789
1231,0.507623451,0.848004212
1232,0.720719872,-0.468517389
1233,-1.226626292,0.237596535
1234,0.837732875,-0.429973312
1235,0.850430518,0.322657991
1236,-0.740194738,0.74513417
1237,-1.214543978,0.07059509
1238,-0.869880979,0.658468197
1239,-0.79441722,0.051567759
1240,2.097582474,0.026487316
1241,1.156900387,0.083245264
1242,-0.880138421,0.330356242
1243,0.654815592,-0.433431226
1244,1.232885409,-0.618570447
1245,1.874449861,-0.067070554
1246,1.451306682,-0.096775853
1247,0.806577568,0.529829645
1248,-0.182818576,0.868656027
1249,0.964263401,0.04470669
1250,1.295233242,-0.179181945
1251,-0.664358732,0.557279582
1252,0.884550506,0.240386651
1253,-0.97686845,-0.048394253
1254,0.690755726,-0.453251793
1255,0.52775934,0.884824777
1256,0.012526291,0.083197439
1257,1.607126707,-0.271608293
1258,0.973920845,0.262961058
1259,0.566383329,0.678321824
1260,1.1475302,0.142776173
1261,-0.900211125,0.292822716
1262,0.512101785,0.669205637
1263,1.998267544,0.300186978
1264,0.832980258,0.546330482
1265,-0.726952701,0.165598199
1266,0.238036304,1.122022525
1267,0.765503502,-0.258275599
1268,0.15582934,0.8120172
1269,2.006731139,0.237639882
1270,0.044558756,0.419724354
1271,-0.851893704,0.801502198
1272,0.378794531,-0.541577606
1273,0.96194132,-0.179673009
1274,0.321588137,-0.022227528
1275,0.003917412,0.224518404
1276,-1.186319627,0.144621272
1277,1.098077229,0.102700025
1278,0.658946349,0.77690224
1279,0.983093298,0.10868907
1280,0.814139167,0.750597558
1281,0.136090846,0.447736559
1282,0.012276539,0.021636617
1283,-1.175189232,0.208208025
1284,0.322373644,0.862446884
1285,1.232560857,-0.245356556
1286,0.632365443,-0.221065094
1287,0.94887334,0.522552981
1288,1.936042916,0.120581172
1289,1.595441203,-0.417345386
1290,0.690869881,0.729229173
1291,-0.332920982,0.835489058
1292,1.808576643,0.144948458
1293,1.459010125,-0.429935566
1294,1.020574368,0.172389321
1295,1.140480679,0.408826287
1296,0.755870655,0.721072218
1297,0.311949997,0.963186238
1298,-0.296363303,1.080377963
1299,1.953230551,0.438113762
1300,1.361150779,-0.357921239
1301,0.745315644,0.22183068
1302,0.814627754,0.689041661
1303,0.955881364,-0.428947831
1304,1.962091865,0.277552998
1305,0.404046575,0.512816857
1306,0.422112346,-0.438368582
1307,-0.956714006,0.58433603
1308,-0.070902534,1.129168119
1309,0.052000681,0.195580876
1310,0.3141473,-0.516256492
1311,0.662793156,-0.712764738
1312,2.04363342,0.48708999
1313,0.947094038,-0.577480974
1314,0.658508801,-0.314795216
1315,-0.314052532,0.654183311
1316,0.014858004,0.04049246
1317,0.065536894,0.171399765
1318,0.783900162,-0.426895231
1319,2.037643879,0.286862741
1320,-0.236591571,1.073966409
1321,-1.004409943,0.650196509
1322,0.758074393,-0.519089674
1323,1.650557305,-0.493121033
1324,-0.934983158,0.548515218
1325,1.98735445,0.359141343
1326,2.160889161,0.308338603
1327,-0.359395634,0.818212825
1328,1.032669887,-0.183806946
1329,-0.111990936,0.94633764
1330,1.469623308,-0.589204431
1331,0.078471831,-0.067148905
1332,1.459118573,-0.459801325
1333,1.009541051,-0.588258415
1334,-0.334617125,1.084153681
1335,-1.03307116,0.444208219
1336,0.63559207,0.618537763
1337,-0.664177681,0.948929181
1338,0.876452982,-0.386419028
1339,0.090205246,-0.034420032
1340,0.381947986,1.236637651
1341,0.667812578,0.634614257
1342,-0.276549838,0.887230688
1343,0.090887604,-0.158788419
1344,0.632356181,0.80882436
1345,1.873995518,-0.106376418
1346,0.473116998,0.752144292
1347,-0.831428431,0.370619413
1348,1.055648414,0.23948899
1349,0.21993778,0.417807026
1350,0.913468958,-0.671836715
1351,0.356894863,1.025961212
1352,0.346848055,-0.161392331
1353,-0.865678055,0.643694695
1354,0.292768484,0.854492524
1355,-1.11252672,0.354777002
1356,-0.632437558,0.651376996
1357,0.77785683,0.675664056
1358,0.280501119,0.905815239
1359,-0.597027512,0.616488966
1360,0.678650013,-0.320897398
1361,1.010979273,-0.473104282
1362,1.404763553,0.223718402
1363,1.026485559,-0.142929386
1364,0.475204812,-0.533689848
1365,0.724798958,0.590971432
1366,0.826231652,-0.497805406
1367,0.99099942,-0.617480285
1368,1.909446196,0.15205322
1369,0.367456679,-0.054759822
1370,0.783142113,0.200789116
1371,0.844869876,0.440710755
1372,1.510685264,-0.592908712
1373,1.161713769,-0.649927931
1374,0.912783136,0.429228583
1375,0.101227969,0.115956157
1376,-0.991825741,0.763381851
1377,1.995590705,-0.038105775
1378,0.635752936,0.532874713
1379,0.335927967,1.209370174
1380,-0.698195363,0.166481362
1381,1.058279491,0.140545999
1382,0.241677643,-0.020643625
1383,0.548242783,-0.399497721
1384,0.152508594,1.237879295
1385,1.092120359,-0.54719387
1386,0.197041521,-0.09398245
1387,1.051032803,0.17983115
1388,-1.051111638,0.441329724
1389,0.145690511,0.370678937
1390,0.781598337,0.275319831
1391,-0.923308255,0.146279167
1392,-0.330403938,1.038167572
1393,1.965717933,0.038513677
1394,0.369048582,1.077857037
1395,-0.081069963,0.024586332
1396,-0.910123363,0.075585282
1397,1.319447201,-0.481416796
1398,0.304117366,0.000402119
1399,1.259394157,-0.564924085
1400,0.426832959,0.966699991
1401,-0.96149728,0.082936052
1402,-0.368627123,0.747857278
1403,0.540832022,-0.217932406
1404,-0.086629252,0.010370178
1405,0.722840315,-0.514044495
1406,-0.841864444,0.605188362
1407,-1.036246409,0.191780407
1408,-1.17756094,0.524962348
1409,0.171956115,0.509112986
1410,1.828182137,-0.223028432
1411,-0.971698191,0.009621226
1412,0.032475153,0.304836988
1413,0.124934406,0.396021331
1414,-0.438889727,0.699351274
1415,1.854163348,0.332412833
1416,0.366706678,0.71181336
1417,-0.623792597,0.580893936
1418,-0.908413619,0.58038116
1419,1.371458537,-0.244792825
1420,0.004357839,1.298976835
1421,0.836484655,0.497937699
1422,0.787638781,1.141235341
1423,0.712984272,-0.286703719
1424,1.353374358,-0.327998503
1425,1.855801283,-0.21773361
1426,1.442167271,-0.258236111
1427,1.058551021,0.21690963
1428,0.281753707,0.990609696
1429,-0.212319718,0.152480097
1430,1.739699066,-0.102271543
1431,0.951555763,-0.507377375
1432,1.125385831,0.518023019
1433,0.08705009,-0.362823299
1434,0.11959306,0.150176411
1435,0.872616011,0.364296991
1436,-0.290507135,1.057884445
1437,0.979088681,0.41039957
1438,-1.063749752,0.303030804
1439,-1.082856756,0.238049337
1440,1.456486596,-0.296122047
1441,1.802687692,-0.048538224
1442,-0.625377268,1.025472504
1443,0.634927966,0.962548599
1444,-1.110097655,0.115926522
1445,1.855453612,0.341970819
1446,1.054952163,-0.418645319
1447,0.99938372,-0.478544843
1448,-0.912536439,0.397643898
1449,0.067203496,1.268079992
1450,0.432413928,1.12343752
1451,0.713579836,-0.387080848
1452,0.562561156,-0.263328672
1453,0.452395768,1.158423061
1454,-1.188575297,0.597395957
1455,0.219719325,0.149652255
1456,-0.608706744,0.689348441
1457,-1.196877502,0.334670942
1458,-0.568881334,0.897482382
1459,-0.870306257,0.221159929
1460,0.167439654,-0.25569753
1461,1.516219786,-0.455547136
1462,0.363079955,0.866923436
1463,0.84141474,0.454242539
1464,1.029794462,-0.381404303
1465,-0.585148525,0.525138058
1466,0.235981721,0.996768208
1467,-0.621650294,0.776283231
1468,0.442497138,0.689766906
1469,-0.280564404,1.061930825
1470,0.77032066,0.898992957
1471,0.891474102,-0.075071862
1472,1.192366853,-0.760910165
1473,-0.46223099,0.977331843
1474,1.87131186,-0.056701929
1475,-1.28044094,0.080995707
1476,1.845057466,-0.264222859
1477,-0.132894609,1.058157467
1478,1.460797509,-0.301435306
1479,-0.865513078,0.605316065
1480,1.601471762,-0.181210473
1481,2.088583502,-0.070174908
1482,2.101858971,0.447051783
1483,-0.556689142,0.767599207
1484,1.340351614,-0.211807951
1485,1.776981548,0.090495126
1486,1.738110706,-0.582684559
1487,1.131266064,-0.494946352
1488,-1.142040825,0.049589939
1489,1.091355249,0.411410201
1490,1.718777723,-0.518879408
1491,0.324849848,0.786248383
1492,-0.119788961,0.424245171
1493,0.883914355,-0.717228822
1494,1.923449715,0.546976176
1495,-0.856905221,1.033844415
1496,0.853438302,0.684850646
1497,0.658963804,-0.82302852
1498,-0.173839604,0.888914898
1499,-0.977828635,0.812579116
1500,-0.696053316,0.67602618
1501,0.589227434,-0.325598695
1502,-0.67261071,0.757184977
1503,1.995144151,0.54702752
1504,1.479305398,-0.24414686
1505,0.887344715,-0.396212989
1506,2.030550718,0.76032907
1507,2.009077309,-0.106926643
1508,-0.115487764,0.396512399
1509,0.574086858,0.540564192
1510,-1.137339984,-0.03343986
1511,1.763120269,-0.333378889
1512,-0.256826299,0.977840477
1513,0.629337373,1.027798396
1514,0.684095634,0.59326408
1515,0.352438954,0.905474092
1516,1.441754201,-0.353189391
1517,2.159967537,-0.136979679
1518,0.059787549,0.956476147
1519,1.845266443,-0.191024738
1520,0.030113307,1.004397854
1521,0.529376882,-0.07337495
1522,2.02660526,0.616497232
1523,0.943640849,-0.304013474
1524,-0.782267296,0.056544304
1525,1.002733133,0.49051994
1526,-0.816325825,0.706618381
1527,0.581796765,-0.482958987
1528,2.091487686,0.171939172
1529,0.192826024,0.047962381
1530,-0.277229206,1.01543165
1531,1.818744174,0.393779871
1532,-0.165832898,1.033399506
1533,0.81501221,0.280406639
1534,2.304164038,0.225550989
1535,0.747350887,0.819740957
1536,0.719550833,-0.223258078
1537,0.063867526,1.058792424
1538,1.958340015,0.586733261
1539,-0.928973021,0.205802
1540,1.075056205,0.338767458
1541,-0.085259248,0.496567059
1542,0.054659167,-0.171700656
1543,1.686930214,-0.293526986
1544,0.561567527,-0.431227595
1545,1.887460296,-0.037883943
1546,1.037105367,-0.630568708
1547,0.430642363,0.601607838
1548,-0.175493849,0.830813669
1549,0.560034693,0.811491612
1550,-0.705800791,0.66252755
1551,-1.161296971,0.535267878
1552,1.669734883,-0.183243745
1553,1.93222808,0.351974292
1554,1.610026168,-0.479811486
1555,1.29575393,0.196514541
1556,0.734279116,0.807146532
1557,-0.727393721,0.766078539
1558,0.544117674,1.122255712
1559,0.637367707,-0.6347362
1560,-0.754690133,0.994633708
1561,0.693691173,0.701491248
1562,-0.083732876,1.079904892
1563,0.439258916,-0.162302783
1564,-0.006577356,-0.340910186
1565,0.058273492,0.03681657
1566,-0.03614543,0.130338528
1567,1.038019244,0.00685303
1568,1.021076201,0.229789526
1569,0.295954013,1.072060981
1570,-0.605645657,0.591524958
1571,-0.801682236,0.775118334
1572,-0.580411822,0.76701091
1573,0.381228369,0.51472293
1574,-0.79295462,0.438183811
1575,0.906403285,-0.586130193
1576,1.664539653,0.319151022
1577,2.170261542,0.591726804
1578,-0.290702607,0.986392484
1579,0.562373018,-0.726426923
1580,2.022147079,0.64398204
1581,0.994690451,0.672831983
1582,0.161490732,0.721593524
1583,0.740149404,-0.436388161
1584,0.855792547,-0.706287379
1585,1.817869387,0.065260487
1586,0.281204501,-0.096222888
1587,-0.767800956,0.797987221
1588,0.222791266,0.838267432
1589,1.827881439,-0.236933385
1590,0.210261025,0.087976869
1591,0.186196915,0.274686023
1592,0.820808666,0.805715486
1593,0.504703961,-0.229247083
1594,-0.438191165,0.967003572
1595,1.014114211,0.367264684
1596,-0.180054667,0.860537272
1597,-0.008989314,-0.04834892
1598,2.255977539,0.365385253
1599,1.557277417,0.183873118
1600,1.842591372,0.339529344
1601,0.048993637,0.608882946
1602,2.129625944,0.165693362
1603,0.34547765,0.135082944
1604,0.266636511,1.186153763
1605,-0.417145495,0.402157951
1606,0.892795753,0.030731629
1607,-0.467007225,0.7722658
1608,-0.374111515,1.162329339
1609,0.355316159,-0.290751985
1610,1.418101495,-0.300564366
1611,-1.081482367,0.286080868
1612,1.617871011,-0.018264727
1613,0.688715112,-0.594510976
1614,0.768981389,0.281178658
1615,0.114901044,1.017897501
1616,-0.770798275,0.468946181
1617,2.080833606,-0.100618621
1618,1.479151665,-0.262511458
1619,-0.6950196,0.570472443
1620,-0.596641156,0.392497831
1621,0.779927376,-0.454153877
1622,1.684780319,0.238917645
1623,-0.46735636,0.845375629
1624,0.280751114,0.953662684
1625,-0.958986344,0.418659328
1626,-1.044246311,0.132963848
1627,0.598686779,-0.415687616
1628,0.252831352,0.941478077
1629,-0.204590126,1.000176795
1630,1.680929958,0.038444121
1631,-0.092862308,1.260290813
1632,1.754852526,0.07962309
1633,0.820341024,0.449388475
1634,2.015932358,0.37942492
1635,1.179626788,-0.526365422
1636,1.921887576,-0.176136901
1637,-0.943803518,0.154414121
1638,-1.099442274,0.155408812
1639,2.015296706,0.204940004
1640,0.839653298,-0.239928609
1641,0.756255771,0.734573915
1642,-0.78171935,0.67656014
1643,0.012234492,1.335286236
1644,1.761034055,-0.170504969
1645,-0.256372294,0.890302894
1646,-0.699738666,0.134524712
1647,-0.312323227,1.103238929
1648,0.361286713,-0.394128603
1649,0.608885024,1.066547601
1650,0.11369375,0.012461612
1651,0.991869626,-0.404337225
1652,0.888837177,0.249710079
1653,1.084303216,-0.734607752
1654,0.429136837,-0.21835774
1655,0.298292487,-0.496507495
1656,1.289396548,-0.258219763
1657,0.987685205,0.208483728
1658,0.908804245,0.465717879
1659,-0.894480486,0.676276167
1660,0.080298671,0.065775665
1661,-0.658225591,0.767015479
1662,-0.392135565,0.887928024
1663,0.557980498,-0.013204519
1664,-0.555090423,0.52162158
1665,1.896662906,0.490460004
1666,0.637414913,-0.09988978
1667,0.447752963,-0.395516685
1668,0.620561829,0.572835758
1669,-0.098506158,0.813448192
1670,0.478273946,-0.325216815
1671,-0.657181702,0.987728365
1672,1.891664127,-0.205550321
1673,0.449112836,0.613039718
1674,0.2934842,-0.203357202
1675,0.543323565,-0.37332118
1676,0.02268859,0.985885077
1677,-0.423178283,0.742995729
1678,0.199340436,1.077712975
1679,0.31762654,-0.09923561
1680,-0.106958775,0.004533429
1681,1.152019626,0.676731565
1682,0.940789712,0.863253868
1683,1.028287541,-0.354853721
1684,0.123576756,-0.189909499
1685,1.725192718,-0.302410536
1686,0.388999806,0.973648396
1687,-0.442991009,1.094375276
1688,1.650506443,-0.091426161
1689,-0.702131112,0.746088875
1690,1.987281429,-0.150564567
1691,2.106603327,0.100923872
1692,1.48155813,-0.226286172
1693,1.245742874,0.093897708
1694,1.888489907,0.284940189
1695,1.952038242,-0.149582334
1696,-0.435193711,0.83966986
1697,0.784106773,0.408009409
1698,1.584210654,-0.432432581
1699,0.696382031,0.943378985
1700,2.007917224,0.114939692
1701,1.752781853,-0.209155892
1702,-0.737225077,0.773822207
1703,0.611162607,0.344560626
1704,0.462604656,0.87028068
1705,0.259208004,0.582039024
1706,-0.855042083,0.467676055
1707,0.895471127,-0.604319017
1708,0.215721841,0.387755281
1709,-0.827071235,0.749524779
1710,0.544006866,1.114677353
1711,1.127091028,0.246059049
1712,2.177582879,0.730135506
1713,-0.192652289,0.968915616
1714,0.417313692,-0.178758432
1715,1.061039569,-0.492552688
1716,1.933641501,0.059502576
1717,0.076040425,0.973088147
1718,1.641778918,-0.336775712
1719,0.458156686,-0.231827377
1720,1.033002202,0.492767558
1721,-0.640414528,0.378565139
1722,-0.190268689,0.635191065
1723,0.255782629,0.037923754
1724,1.031408752,0.068623182
1725,0.235371277,-0.058126275
1726,1.290658659,-0.505895051
1727,-0.761984678,0.392910717
1728,0.183436854,-0.019896767
1729,-0.585191212,1.06585276
1730,1.995514953,0.693143736
1731,-0.621817739,-0.14807551
1732,1.374321962,-0.495665419
1733,1.121122716,-0.654316766
1734,-0.152730551,0.031194968
1735,1.311436255,-0.338925003
1736,1.001848199,0.743711181
1737,0.341217351,-0.138275579
1738,0.534565698,-0.181391152
1739,0.87586061,0.676687935
1740,-0.151970995,0.317712607
1741,0.098462437,-0.117544686
1742,-0.539171263,0.859513788
1743,0.949664966,-0.015158773
1744,1.980972825,0.52271226
1745,0.936248962,0.648126283
1746,1.72611773,0.283628984
1747,0.17455916,0.26907896
1748,1.463345348,-0.153161141
1749,0.92076681,-0.406006699
1750,-0.359236017,1.005075002
1751,-0.10584774,1.147333569
1752,0.056141669,0.761125568
1753,-0.939511169,0.215182884
1754,1.210049661,-0.531296706
1755,-0.840754821,0.250655263
1756,1.179469979,0.153412518
1757,0.225059962,0.912233195
1758,0.144951838,0.98371604
1759,2.02411025,0.535005417
1760,-0.973078644,0.115660504
1761,0.825245456,-0.423429066
1762,-0.910353616,0.27009706
1763,0.097920712,0.982958387
1764,1.522906868,-0.201998677
1765,0.391283961,-0.056857269
1766,-0.383841296,1.176862196
1767,1.363163235,-0.554024769
1768,0.933003455,-0.347777038
1769,1.108119437,-0.29983229
1770,1.048373229,-0.263712446
1771,0.557328161,-0.286829794
1772,0.549099269,0.939136112
1773,-0.619318642,0.628032489
1774,0.65155383,0.674988159
1775,1.889895072,0.36768231
1776,0.336369361,-0.668165468
1777,0.801811487,-0.033655556
1778,-0.877557245,0.609065475
1779,-0.884511154,0.354580312
1780,0.180443567,1.000761597
1781,0.484577473,-0.284126388
1782,0.820305666,0.551648375
1783,0.228394257,0.85778325
1784,0.055700442,-0.138358553
1785,-0.053727061,0.341754452
1786,1.173135873,-0.64378458
1787,-1.135476538,0.518985832
1788,-0.243543626,1.0496638
1789,1.70964588,-0.527844441
1790,1.648712631,-0.366287732
1791,-0.892788221,0.635685534
1792,1.545601094,-0.152827505
1793,0.576312531,-0.126320632
1794,1.898316033,0.409920467
1795,-1.15966275,0.221327127
1796,0.908390875,-0.356876121
1797,0.203045254,0.308720261
1798,0.05602031,1.058447944
1799,1.940430397,-0.076197833
1800,0.467539378,-0.29749784
1801,0.450433277,1.139556777
1802,1.710389692,-0.130766379
1803,1.300721183,-0.368246763
1804,0.644382042,0.878852859
1805,0.80532448,0.667994052
1806,0.13970955,0.488939523
1807,1.729240986,0.33754161
1808,1.694757164,-0.15426948
1809,-0.429819876,0.881031684
1810,-0.332931892,0.926584623
1811,-0.161352451,1.011039517
1812,0.654878556,0.698407473
1813,-0.244297661,1.100415469
1814,0.875892105,0.0176339
1815,0.777080565,0.53648068
1816,0.922400623,-0.406139083
1817,-0.977635098,0.227286952
1818,0.236250861,0.573590739
1819,1.354877876,-0.641226172
1820,0.998615376,0.547710736
1821,0.370130028,1.068535145
1822,-0.523418032,0.595171076
1823,0.196222748,-0.164530878
1824,0.013044834,1.090111639
1825,2.029177231,-0.045258548
1826,1.939208099,-0.232926906
1827,0.942766642,0.814336429
1828,-0.199390105,1.15344003
1829,1.635533828,-0.024327439
1830,0.928659401,-0.503942437
1831,0.936178138,0.52622058
1832,-1.1721603,0.436870955
1833,1.971518085,0.032284791
1834,0.321566967,-0.449195444
1835,1.659839221,0.079929451
1836,-0.128723731,0.933638188
1837,1.207647772,-0.418500052
1838,-0.266454478,0.630089728
1839,-0.091898783,-0.012460219
1840,-0.024596399,0.073083965
1841,0.312118384,0.993434189
1842,1.555903787,-0.272373951
1843,0.827648486,-0.480463391
1844,1.745549193,-0.112465848
1845,0.98994586,0.432723736
1846,-0.910910913,0.370380869
1847,-0.997772134,0.475322197
1848,0.673666094,0.711683643
1849,0.02595087,0.568855847
1850,0.577549385,1.102682837
1851,0.979319979,0.392015741
1852,0.940357127,0.66406253
1853,1.009063262,-0.519577145
1854,1.866971532,-0.07336174
1855,-0.624814085,1.231347671
1856,1.936284344,0.208271467
1857,1.961611751,-0.099635343
1858,1.881324592,-0.221986165
1859,-0.931333079,0.390396645
1860,1.369887464,-0.374736733
1861,1.163478878,-0.792662945
1862,-0.219983785,1.059291097
1863,2.090829838,0.138624692
1864,0.585100967,-0.439813277
1865,0.269109094,0.3789431
1866,-0.556241865,0.490575126
1867,0.938717293,0.177020976
1868,0.685291701,0.519835754
1869,2.177402517,0.71599373
1870,0.859374493,0.413988218
1871,1.939304273,0.493363757
1872,1.210871982,-0.262492732
1873,1.990403922,0.316187921
1874,0.306674731,0.820001595
1875,-0.051568339,1.130439144
1876,1.905317752,-0.183476623
1877,0.21377714,1.081150635
1878,0.617055183,-0.290448734
1879,-0.84775717,0.152010951
1880,1.83942646,-0.102799776
1881,1.828625507,0.053903608
1882,0.95921889,-0.369905849
1883,0.550820203,-0.549868882
1884,-0.651346712,0.863832151
1885,0.181572271,0.19649863
1886,1.716984921,-0.221784075
1887,-0.977726666,0.2359822
1888,0.471782266,-0.329661766
1889,0.316114587,0.072050094
1890,-0.330202907,0.76356757
1891,0.702305652,-0.185310971
1892,0.709643039,0.794220971
1893,1.731768589,-0.010942513
1894,-0.00617362,0.110567735
1895,-0.802692771,0.642162728
1896,1.479604643,-0.317768141
1897,1.980475868,0.366030416
1898,1.800013641,-0.222783157
1899,0.78501752,-0.64740464
1900,0.593516033,-0.168169765
1901,-0.645057697,0.697285924
1902,0.350638788,-0.12700562
1903,-0.283465406,0.634314244
1904,0.740474116,1.103683213
1905,-0.931005813,0.060331133
1906,1.130552047,0.490320128
1907,0.596622668,-0.126616352
1908,0.569827896,-0.359195132
1909,0.240653729,-0.197503609
1910,0.02852158,-0.136972903
1911,-0.698071501,0.014780021
1912,1.523997251,-0.475294935
1913,1.699655096,0.089778409
1914,-0.003477511,0.189115555
1915,1.660603082,-0.558102973
1916,1.550519831,-0.260799346
1917,0.410078306,-0.291875228
1918,0.645025285,-0.937074709
1919,1.793522883,-0.35305511
1920,0.787156537,-0.586779778
1921,0.761717118,0.055745362
1922,0.751125962,0.572711375
1923,0.264970892,0.110382669
1924,0.958122332,0.200100473
1925,0.904842893,-0.651872255
1926,0.495569166,-0.262071932
1927,-1.297044879,0.249229692
1928,-0.286600111,0.99999945
1929,0.630762267,-0.429675686
1930,1.688161262,0.002822152
1931,0.261447082,0.473717096
1932,1.044173725,-0.587604568
1933,-0.133022915,0.422786225
1934,0.114737487,1.265797172
1935,-0.608583608,0.431407041
1936,-0.984712737,0.023374708
1937,-0.287664605,1.106165113
1938,2.12917009,0.307150625
1939,1.493891375,-0.269377145
1940,0.894412533,-0.555084597
1941,0.871230301,-0.301064219
1942,-0.037367339,0.196213489
1943,0.00081903,1.266769345
1944,0.224071607,1.231339934
1945,-0.322606359,0.796763159
1946,0.376485681,1.313186295
1947,-0.529010166,1.090022547
1948,1.360333859,-0.456925343
1949,-0.564775112,0.968441208
1950,0.423974046,-0.362518048
1951,0.957675893,0.714937764
1952,0.600667644,0.606958885
1953,1.986941547,0.133246088
1954,-0.277833686,0.954130749
1955,0.799873729,-0.249574296
1956,1.189006724,-0.474276705
1957,-0.867651821,0.569286854
1958,0.497602223,0.683575325
1959,-0.088618454,0.497111191
1960,0.81584587,-0.627475904
1961,0.885215981,0.518090257
1962,-0.060245509,0.405895355
1963,1.806026094,0.103285459
1964,1.260149862,-0.561189148
1965,0.864634531,-0.617851184
1966,-0.821251757,0.834534131
1967,0.043318262,0.475031144
1968,0.258286051,-0.156664942
1969,-0.050531687,0.910247991
1970,-0.312593699,0.938050677
1971,0.254686548,0.995597018
1972,1.930564947,0.295555948
1973,-0.611604275,0.751205482
1974,0.973778789,-0.458796278
1975,0.797735724,0.751253236
1976,-1.17780381,0.46012321
1977,0.527060913,0.950977804
1978,-1.120921459,0.298491028
1979,0.60812934,0.830032893
1980,0.465551948,-0.262276218
1981,0.609438349,-0.228149254
1982,0.250838175,-0.330306568
1983,0.366393894,-0.265582034
1984,1.073703191,-0.340518012
1985,0.04748913,0.829978337
1986,-0.736821352,0.401669692
1987,1.100145973,-0.600873185
1988,0.791465331,0.320428585
1989,0.73009268,0.451219801
1990,-1.17571989,0.225114925
1991,-1.011523164,0.430482789
1992,1.464545964,-0.494359445
1993,-0.549350747,0.660361441
1994,-0.900929581,0.204066907
1995,1.792374079,-0.195105414
1996,0.290451797,0.336956795
1997,2.387512093,0.084661081
1998,1.004315249,0.735096923
1999,0.111782421,0.311003873
